Image Name,Score
Aphid_10_frame_1.jpg,7.0792
Aphid_10_frame_10.jpg,5.1780
Aphid_10_frame_11.jpg,5.5924
Aphid_10_frame_12.jpg,5.2463
Aphid_10_frame_13.jpg,5.6380
Aphid_10_frame_14.jpg,5.6904
Aphid_10_frame_15.jpg,5.6194
Aphid_10_frame_16.jpg,5.7862
Aphid_10_frame_17.jpg,5.3904
Aphid_10_frame_18.jpg,5.3731
Aphid_10_frame_19.jpg,5.3171
Aphid_10_frame_2.jpg,5.7535
Aphid_10_frame_20.jpg,5.5672
Aphid_10_frame_21.jpg,5.4212
Aphid_10_frame_22.jpg,5.1904
Aphid_10_frame_23.jpg,5.2116
Aphid_10_frame_24.jpg,5.6827
Aphid_10_frame_25.jpg,5.4074
Aphid_10_frame_26.jpg,5.5306
Aphid_10_frame_3.jpg,5.7810
Aphid_10_frame_4.jpg,5.5322
Aphid_10_frame_5.jpg,6.0416
Aphid_10_frame_6.jpg,5.5419
Aphid_10_frame_7.jpg,5.3570
Aphid_10_frame_8.jpg,5.3124
Aphid_10_frame_9.jpg,6.0851
Aphid_20_frame_1.jpg,6.5620
Aphid_20_frame_10.jpg,5.4840
Aphid_20_frame_11.jpg,6.0715
Aphid_20_frame_12.jpg,5.5713
Aphid_20_frame_13.jpg,6.1645
Aphid_20_frame_14.jpg,6.1066
Aphid_20_frame_15.jpg,6.0214
Aphid_20_frame_16.jpg,6.0813
Aphid_20_frame_17.jpg,5.9363
Aphid_20_frame_18.jpg,6.0961
Aphid_20_frame_19.jpg,5.4548
Aphid_20_frame_2.jpg,5.2212
Aphid_20_frame_20.jpg,5.8716
Aphid_20_frame_21.jpg,6.0332
Aphid_20_frame_22.jpg,5.6549
Aphid_20_frame_23.jpg,5.2566
Aphid_20_frame_24.jpg,5.9038
Aphid_20_frame_25.jpg,5.6430
Aphid_20_frame_26.jpg,5.4259
Aphid_20_frame_3.jpg,5.4326
Aphid_20_frame_4.jpg,5.6379
Aphid_20_frame_5.jpg,5.1139
Aphid_20_frame_6.jpg,4.8672
Aphid_20_frame_7.jpg,5.5453
Aphid_20_frame_8.jpg,4.6771
Aphid_20_frame_9.jpg,5.8793
Aphid_30_frame_1.jpg,5.9015
Aphid_30_frame_10.jpg,5.7784
Aphid_30_frame_11.jpg,5.7318
Aphid_30_frame_12.jpg,5.3519
Aphid_30_frame_13.jpg,5.7112
Aphid_30_frame_14.jpg,5.2316
Aphid_30_frame_15.jpg,5.3480
Aphid_30_frame_16.jpg,5.3042
Aphid_30_frame_17.jpg,5.3393
Aphid_30_frame_18.jpg,5.6090
Aphid_30_frame_19.jpg,5.3293
Aphid_30_frame_2.jpg,5.1083
Aphid_30_frame_20.jpg,5.6927
Aphid_30_frame_21.jpg,5.1508
Aphid_30_frame_22.jpg,5.5983
Aphid_30_frame_23.jpg,5.2912
Aphid_30_frame_24.jpg,5.2546
Aphid_30_frame_25.jpg,5.1591
Aphid_30_frame_26.jpg,4.7883
Aphid_30_frame_3.jpg,4.7898
Aphid_30_frame_4.jpg,4.9545
Aphid_30_frame_5.jpg,5.4539
Aphid_30_frame_6.jpg,5.0629
Aphid_30_frame_7.jpg,5.3979
Aphid_30_frame_8.jpg,5.4437
Aphid_30_frame_9.jpg,5.5824
Aphid_40_00_highspeed_frame_1.jpg,5.2729
Aphid_40_00_highspeed_frame_10.jpg,5.0962
Aphid_40_00_highspeed_frame_11.jpg,4.8970
Aphid_40_00_highspeed_frame_12.jpg,4.8535
Aphid_40_00_highspeed_frame_13.jpg,4.8868
Aphid_40_00_highspeed_frame_14.jpg,5.0007
Aphid_40_00_highspeed_frame_15.jpg,4.8432
Aphid_40_00_highspeed_frame_16.jpg,4.7589
Aphid_40_00_highspeed_frame_17.jpg,4.4861
Aphid_40_00_highspeed_frame_18.jpg,4.3680
Aphid_40_00_highspeed_frame_19.jpg,4.4197
Aphid_40_00_highspeed_frame_2.jpg,4.9463
Aphid_40_00_highspeed_frame_20.jpg,4.5435
Aphid_40_00_highspeed_frame_21.jpg,4.5309
Aphid_40_00_highspeed_frame_22.jpg,4.5383
Aphid_40_00_highspeed_frame_23.jpg,4.6228
Aphid_40_00_highspeed_frame_24.jpg,4.5027
Aphid_40_00_highspeed_frame_25.jpg,4.5012
Aphid_40_00_highspeed_frame_26.jpg,4.4908
Aphid_40_00_highspeed_frame_3.jpg,4.9175
Aphid_40_00_highspeed_frame_4.jpg,5.0676
Aphid_40_00_highspeed_frame_5.jpg,4.9948
Aphid_40_00_highspeed_frame_6.jpg,5.0116
Aphid_40_00_highspeed_frame_7.jpg,4.9656
Aphid_40_00_highspeed_frame_8.jpg,5.0916
Aphid_40_00_highspeed_frame_9.jpg,5.3154
Aphid_40_00_highspeed_halfsubmerged_frame_1.jpg,5.6201
Aphid_40_00_highspeed_halfsubmerged_frame_10.jpg,5.4357
Aphid_40_00_highspeed_halfsubmerged_frame_11.jpg,5.4188
Aphid_40_00_highspeed_halfsubmerged_frame_12.jpg,5.1982
Aphid_40_00_highspeed_halfsubmerged_frame_13.jpg,5.2509
Aphid_40_00_highspeed_halfsubmerged_frame_14.jpg,4.9497
Aphid_40_00_highspeed_halfsubmerged_frame_15.jpg,5.0694
Aphid_40_00_highspeed_halfsubmerged_frame_16.jpg,4.9558
Aphid_40_00_highspeed_halfsubmerged_frame_17.jpg,4.5878
Aphid_40_00_highspeed_halfsubmerged_frame_18.jpg,4.6787
Aphid_40_00_highspeed_halfsubmerged_frame_19.jpg,4.6709
Aphid_40_00_highspeed_halfsubmerged_frame_2.jpg,4.6677
Aphid_40_00_highspeed_halfsubmerged_frame_20.jpg,4.6480
Aphid_40_00_highspeed_halfsubmerged_frame_21.jpg,4.4295
Aphid_40_00_highspeed_halfsubmerged_frame_22.jpg,4.4861
Aphid_40_00_highspeed_halfsubmerged_frame_23.jpg,4.4235
Aphid_40_00_highspeed_halfsubmerged_frame_24.jpg,4.6864
Aphid_40_00_highspeed_halfsubmerged_frame_25.jpg,4.6131
Aphid_40_00_highspeed_halfsubmerged_frame_26.jpg,4.6757
Aphid_40_00_highspeed_halfsubmerged_frame_3.jpg,5.0527
Aphid_40_00_highspeed_halfsubmerged_frame_4.jpg,5.0827
Aphid_40_00_highspeed_halfsubmerged_frame_5.jpg,5.2392
Aphid_40_00_highspeed_halfsubmerged_frame_6.jpg,5.1713
Aphid_40_00_highspeed_halfsubmerged_frame_7.jpg,5.4152
Aphid_40_00_highspeed_halfsubmerged_frame_8.jpg,5.4253
Aphid_40_00_highspeed_halfsubmerged_frame_9.jpg,5.3275
Aphid_40_00_lowspeed_frame_1.jpg,5.3614
Aphid_40_00_lowspeed_frame_10.jpg,4.9453
Aphid_40_00_lowspeed_frame_11.jpg,4.9852
Aphid_40_00_lowspeed_frame_12.jpg,4.9223
Aphid_40_00_lowspeed_frame_13.jpg,4.7902
Aphid_40_00_lowspeed_frame_14.jpg,4.9153
Aphid_40_00_lowspeed_frame_15.jpg,4.7788
Aphid_40_00_lowspeed_frame_16.jpg,4.5893
Aphid_40_00_lowspeed_frame_17.jpg,4.8337
Aphid_40_00_lowspeed_frame_18.jpg,4.6000
Aphid_40_00_lowspeed_frame_19.jpg,4.5935
Aphid_40_00_lowspeed_frame_2.jpg,4.5926
Aphid_40_00_lowspeed_frame_20.jpg,4.6288
Aphid_40_00_lowspeed_frame_21.jpg,4.6176
Aphid_40_00_lowspeed_frame_22.jpg,4.5463
Aphid_40_00_lowspeed_frame_23.jpg,4.4021
Aphid_40_00_lowspeed_frame_24.jpg,4.3778
Aphid_40_00_lowspeed_frame_25.jpg,4.3693
Aphid_40_00_lowspeed_frame_26.jpg,4.4178
Aphid_40_00_lowspeed_frame_3.jpg,4.9334
Aphid_40_00_lowspeed_frame_4.jpg,4.7274
Aphid_40_00_lowspeed_frame_5.jpg,4.8442
Aphid_40_00_lowspeed_frame_6.jpg,4.8974
Aphid_40_00_lowspeed_frame_7.jpg,4.9340
Aphid_40_00_lowspeed_frame_8.jpg,5.0330
Aphid_40_00_lowspeed_frame_9.jpg,4.9562
Aphid_40_00_lowspeed_halfsubmerged_frame_1.jpg,5.4204
Aphid_40_00_lowspeed_halfsubmerged_frame_10.jpg,4.8703
Aphid_40_00_lowspeed_halfsubmerged_frame_11.jpg,4.9575
Aphid_40_00_lowspeed_halfsubmerged_frame_12.jpg,4.7856
Aphid_40_00_lowspeed_halfsubmerged_frame_13.jpg,4.7836
Aphid_40_00_lowspeed_halfsubmerged_frame_14.jpg,4.8994
Aphid_40_00_lowspeed_halfsubmerged_frame_15.jpg,4.5251
Aphid_40_00_lowspeed_halfsubmerged_frame_16.jpg,4.6241
Aphid_40_00_lowspeed_halfsubmerged_frame_17.jpg,4.5928
Aphid_40_00_lowspeed_halfsubmerged_frame_18.jpg,4.5367
Aphid_40_00_lowspeed_halfsubmerged_frame_19.jpg,4.5937
Aphid_40_00_lowspeed_halfsubmerged_frame_2.jpg,4.8243
Aphid_40_00_lowspeed_halfsubmerged_frame_20.jpg,4.9792
Aphid_40_00_lowspeed_halfsubmerged_frame_21.jpg,4.4112
Aphid_40_00_lowspeed_halfsubmerged_frame_22.jpg,4.8536
Aphid_40_00_lowspeed_halfsubmerged_frame_23.jpg,4.3944
Aphid_40_00_lowspeed_halfsubmerged_frame_24.jpg,4.9196
Aphid_40_00_lowspeed_halfsubmerged_frame_25.jpg,4.8922
Aphid_40_00_lowspeed_halfsubmerged_frame_26.jpg,4.8309
Aphid_40_00_lowspeed_halfsubmerged_frame_3.jpg,4.5823
Aphid_40_00_lowspeed_halfsubmerged_frame_4.jpg,4.8082
Aphid_40_00_lowspeed_halfsubmerged_frame_5.jpg,4.8671
Aphid_40_00_lowspeed_halfsubmerged_frame_6.jpg,4.8235
Aphid_40_00_lowspeed_halfsubmerged_frame_7.jpg,4.8427
Aphid_40_00_lowspeed_halfsubmerged_frame_8.jpg,4.9135
Aphid_40_00_lowspeed_halfsubmerged_frame_9.jpg,5.1987
Aphid_40_00_medspeed_frame_1.jpg,5.2819
Aphid_40_00_medspeed_frame_10.jpg,4.7969
Aphid_40_00_medspeed_frame_11.jpg,4.9081
Aphid_40_00_medspeed_frame_12.jpg,4.8716
Aphid_40_00_medspeed_frame_13.jpg,4.9433
Aphid_40_00_medspeed_frame_14.jpg,4.9587
Aphid_40_00_medspeed_frame_15.jpg,4.8279
Aphid_40_00_medspeed_frame_16.jpg,4.9622
Aphid_40_00_medspeed_frame_17.jpg,4.6332
Aphid_40_00_medspeed_frame_18.jpg,4.6895
Aphid_40_00_medspeed_frame_19.jpg,5.0399
Aphid_40_00_medspeed_frame_2.jpg,4.6806
Aphid_40_00_medspeed_frame_20.jpg,4.6951
Aphid_40_00_medspeed_frame_21.jpg,4.7048
Aphid_40_00_medspeed_frame_22.jpg,4.7251
Aphid_40_00_medspeed_frame_23.jpg,4.7073
Aphid_40_00_medspeed_frame_24.jpg,4.5159
Aphid_40_00_medspeed_frame_25.jpg,4.5059
Aphid_40_00_medspeed_frame_26.jpg,4.4644
Aphid_40_00_medspeed_frame_3.jpg,4.5684
Aphid_40_00_medspeed_frame_4.jpg,4.5221
Aphid_40_00_medspeed_frame_5.jpg,4.7691
Aphid_40_00_medspeed_frame_6.jpg,4.7072
Aphid_40_00_medspeed_frame_7.jpg,4.9255
Aphid_40_00_medspeed_frame_8.jpg,4.3687
Aphid_40_00_medspeed_frame_9.jpg,5.0524
Aphid_40_00_medspeed_halfsubmerged_frame_1.jpg,5.4996
Aphid_40_00_medspeed_halfsubmerged_frame_10.jpg,5.1332
Aphid_40_00_medspeed_halfsubmerged_frame_11.jpg,5.1057
Aphid_40_00_medspeed_halfsubmerged_frame_12.jpg,5.1029
Aphid_40_00_medspeed_halfsubmerged_frame_13.jpg,4.7617
Aphid_40_00_medspeed_halfsubmerged_frame_14.jpg,4.8751
Aphid_40_00_medspeed_halfsubmerged_frame_15.jpg,4.7188
Aphid_40_00_medspeed_halfsubmerged_frame_16.jpg,4.6977
Aphid_40_00_medspeed_halfsubmerged_frame_17.jpg,4.7695
Aphid_40_00_medspeed_halfsubmerged_frame_18.jpg,4.7322
Aphid_40_00_medspeed_halfsubmerged_frame_19.jpg,4.6619
Aphid_40_00_medspeed_halfsubmerged_frame_2.jpg,4.7608
Aphid_40_00_medspeed_halfsubmerged_frame_20.jpg,4.7141
Aphid_40_00_medspeed_halfsubmerged_frame_21.jpg,4.8124
Aphid_40_00_medspeed_halfsubmerged_frame_22.jpg,4.5766
Aphid_40_00_medspeed_halfsubmerged_frame_23.jpg,4.7140
Aphid_40_00_medspeed_halfsubmerged_frame_24.jpg,4.7620
Aphid_40_00_medspeed_halfsubmerged_frame_25.jpg,4.7038
Aphid_40_00_medspeed_halfsubmerged_frame_26.jpg,4.6294
Aphid_40_00_medspeed_halfsubmerged_frame_3.jpg,4.9995
Aphid_40_00_medspeed_halfsubmerged_frame_4.jpg,4.9840
Aphid_40_00_medspeed_halfsubmerged_frame_5.jpg,4.5111
Aphid_40_00_medspeed_halfsubmerged_frame_6.jpg,4.7807
Aphid_40_00_medspeed_halfsubmerged_frame_7.jpg,4.9254
Aphid_40_00_medspeed_halfsubmerged_frame_8.jpg,4.7632
Aphid_40_00_medspeed_halfsubmerged_frame_9.jpg,4.9740
Aphid_40_01_lowspeed_frame_1.jpg,5.0441
Aphid_40_01_lowspeed_frame_10.jpg,4.5770
Aphid_40_01_lowspeed_frame_11.jpg,4.5958
Aphid_40_01_lowspeed_frame_12.jpg,4.3158
Aphid_40_01_lowspeed_frame_13.jpg,4.2915
Aphid_40_01_lowspeed_frame_14.jpg,4.3243
Aphid_40_01_lowspeed_frame_15.jpg,4.2855
Aphid_40_01_lowspeed_frame_16.jpg,4.3884
Aphid_40_01_lowspeed_frame_17.jpg,4.3047
Aphid_40_01_lowspeed_frame_18.jpg,4.4848
Aphid_40_01_lowspeed_frame_19.jpg,4.3875
Aphid_40_01_lowspeed_frame_2.jpg,4.4046
Aphid_40_01_lowspeed_frame_20.jpg,4.4248
Aphid_40_01_lowspeed_frame_21.jpg,4.4248
Aphid_40_01_lowspeed_frame_22.jpg,4.3657
Aphid_40_01_lowspeed_frame_23.jpg,4.3576
Aphid_40_01_lowspeed_frame_24.jpg,4.4001
Aphid_40_01_lowspeed_frame_25.jpg,4.3712
Aphid_40_01_lowspeed_frame_26.jpg,4.3299
Aphid_40_01_lowspeed_frame_3.jpg,4.4958
Aphid_40_01_lowspeed_frame_4.jpg,4.5687
Aphid_40_01_lowspeed_frame_5.jpg,4.3823
Aphid_40_01_lowspeed_frame_6.jpg,4.4256
Aphid_40_01_lowspeed_frame_7.jpg,4.6027
Aphid_40_01_lowspeed_frame_8.jpg,4.3757
Aphid_40_01_lowspeed_frame_9.jpg,4.7212
Aphid_40_01_lowspeed_halfsubmerged_frame_1.jpg,5.4895
Aphid_40_01_lowspeed_halfsubmerged_frame_10.jpg,4.8834
Aphid_40_01_lowspeed_halfsubmerged_frame_11.jpg,4.8543
Aphid_40_01_lowspeed_halfsubmerged_frame_12.jpg,4.6664
Aphid_40_01_lowspeed_halfsubmerged_frame_13.jpg,4.7109
Aphid_40_01_lowspeed_halfsubmerged_frame_14.jpg,4.5495
Aphid_40_01_lowspeed_halfsubmerged_frame_15.jpg,4.5193
Aphid_40_01_lowspeed_halfsubmerged_frame_16.jpg,4.5207
Aphid_40_01_lowspeed_halfsubmerged_frame_17.jpg,4.4041
Aphid_40_01_lowspeed_halfsubmerged_frame_18.jpg,4.4404
Aphid_40_01_lowspeed_halfsubmerged_frame_19.jpg,4.4021
Aphid_40_01_lowspeed_halfsubmerged_frame_2.jpg,5.1290
Aphid_40_01_lowspeed_halfsubmerged_frame_20.jpg,4.4257
Aphid_40_01_lowspeed_halfsubmerged_frame_21.jpg,4.4918
Aphid_40_01_lowspeed_halfsubmerged_frame_22.jpg,4.3523
Aphid_40_01_lowspeed_halfsubmerged_frame_23.jpg,4.3464
Aphid_40_01_lowspeed_halfsubmerged_frame_24.jpg,4.2755
Aphid_40_01_lowspeed_halfsubmerged_frame_25.jpg,4.3722
Aphid_40_01_lowspeed_halfsubmerged_frame_26.jpg,4.3506
Aphid_40_01_lowspeed_halfsubmerged_frame_3.jpg,4.7765
Aphid_40_01_lowspeed_halfsubmerged_frame_4.jpg,4.7653
Aphid_40_01_lowspeed_halfsubmerged_frame_5.jpg,4.9662
Aphid_40_01_lowspeed_halfsubmerged_frame_6.jpg,5.0112
Aphid_40_01_lowspeed_halfsubmerged_frame_7.jpg,4.5784
Aphid_40_01_lowspeed_halfsubmerged_frame_8.jpg,4.8350
Aphid_40_01_lowspeed_halfsubmerged_frame_9.jpg,5.0772
Aphid_40_dd_lowspeed_frame_1.jpg,5.7677
Aphid_40_dd_lowspeed_frame_10.jpg,5.4100
Aphid_40_dd_lowspeed_frame_11.jpg,4.9912
Aphid_40_dd_lowspeed_frame_12.jpg,4.7796
Aphid_40_dd_lowspeed_frame_13.jpg,4.7675
Aphid_40_dd_lowspeed_frame_14.jpg,4.7195
Aphid_40_dd_lowspeed_frame_15.jpg,4.7564
Aphid_40_dd_lowspeed_frame_16.jpg,4.7587
Aphid_40_dd_lowspeed_frame_2.jpg,5.3544
Aphid_40_dd_lowspeed_frame_3.jpg,5.3121
Aphid_40_dd_lowspeed_frame_4.jpg,4.7208
Aphid_40_dd_lowspeed_frame_5.jpg,4.9479
Aphid_40_dd_lowspeed_frame_6.jpg,5.3491
Aphid_40_dd_lowspeed_frame_7.jpg,5.1395
Aphid_40_dd_lowspeed_frame_8.jpg,5.3758
Aphid_40_dd_lowspeed_frame_9.jpg,5.4817
Aphid_40_dd_lowspeed_halfsubmerged_frame_1.jpg,5.3588
Aphid_40_dd_lowspeed_halfsubmerged_frame_10.jpg,5.0034
Aphid_40_dd_lowspeed_halfsubmerged_frame_11.jpg,4.7981
Aphid_40_dd_lowspeed_halfsubmerged_frame_12.jpg,4.7822
Aphid_40_dd_lowspeed_halfsubmerged_frame_13.jpg,4.6538
Aphid_40_dd_lowspeed_halfsubmerged_frame_14.jpg,4.6632
Aphid_40_dd_lowspeed_halfsubmerged_frame_15.jpg,4.6379
Aphid_40_dd_lowspeed_halfsubmerged_frame_16.jpg,4.5699
Aphid_40_dd_lowspeed_halfsubmerged_frame_2.jpg,4.9389
Aphid_40_dd_lowspeed_halfsubmerged_frame_3.jpg,4.5483
Aphid_40_dd_lowspeed_halfsubmerged_frame_4.jpg,4.7737
Aphid_40_dd_lowspeed_halfsubmerged_frame_5.jpg,4.5712
Aphid_40_dd_lowspeed_halfsubmerged_frame_6.jpg,4.7198
Aphid_40_dd_lowspeed_halfsubmerged_frame_7.jpg,4.8181
Aphid_40_dd_lowspeed_halfsubmerged_frame_8.jpg,4.8640
Aphid_40_dd_lowspeed_halfsubmerged_frame_9.jpg,5.1211
Aphid_40_otherinsects_10_frame_1.jpg,5.8281
Aphid_40_otherinsects_10_frame_10.jpg,5.5650
Aphid_40_otherinsects_10_frame_11.jpg,5.2868
Aphid_40_otherinsects_10_frame_12.jpg,5.4423
Aphid_40_otherinsects_10_frame_13.jpg,4.8952
Aphid_40_otherinsects_10_frame_14.jpg,5.0898
Aphid_40_otherinsects_10_frame_15.jpg,5.2566
Aphid_40_otherinsects_10_frame_16.jpg,5.0312
Aphid_40_otherinsects_10_frame_17.jpg,5.0049
Aphid_40_otherinsects_10_frame_18.jpg,4.9984
Aphid_40_otherinsects_10_frame_19.jpg,4.9808
Aphid_40_otherinsects_10_frame_2.jpg,5.0730
Aphid_40_otherinsects_10_frame_20.jpg,5.1728
Aphid_40_otherinsects_10_frame_21.jpg,4.9901
Aphid_40_otherinsects_10_frame_22.jpg,4.9295
Aphid_40_otherinsects_10_frame_23.jpg,4.9018
Aphid_40_otherinsects_10_frame_24.jpg,5.0710
Aphid_40_otherinsects_10_frame_25.jpg,4.9280
Aphid_40_otherinsects_10_frame_26.jpg,4.9477
Aphid_40_otherinsects_10_frame_3.jpg,5.1848
Aphid_40_otherinsects_10_frame_4.jpg,5.0968
Aphid_40_otherinsects_10_frame_5.jpg,5.3161
Aphid_40_otherinsects_10_frame_6.jpg,5.2048
Aphid_40_otherinsects_10_frame_7.jpg,5.0812
Aphid_40_otherinsects_10_frame_8.jpg,5.0642
Aphid_40_otherinsects_10_frame_9.jpg,5.4207
Aphid_40_otherinsects_20_frame_1.jpg,5.1327
Aphid_40_otherinsects_20_frame_10.jpg,5.0239
Aphid_40_otherinsects_20_frame_11.jpg,5.4140
Aphid_40_otherinsects_20_frame_12.jpg,5.1450
Aphid_40_otherinsects_20_frame_13.jpg,5.2769
Aphid_40_otherinsects_20_frame_14.jpg,5.2394
Aphid_40_otherinsects_20_frame_15.jpg,4.9895
Aphid_40_otherinsects_20_frame_16.jpg,4.9250
Aphid_40_otherinsects_20_frame_17.jpg,4.8865
Aphid_40_otherinsects_20_frame_18.jpg,4.7993
Aphid_40_otherinsects_20_frame_19.jpg,4.7306
Aphid_40_otherinsects_20_frame_2.jpg,4.8422
Aphid_40_otherinsects_20_frame_20.jpg,4.7429
Aphid_40_otherinsects_20_frame_21.jpg,4.7457
Aphid_40_otherinsects_20_frame_22.jpg,4.7226
Aphid_40_otherinsects_20_frame_23.jpg,4.7133
Aphid_40_otherinsects_20_frame_24.jpg,4.7091
Aphid_40_otherinsects_20_frame_25.jpg,4.8853
Aphid_40_otherinsects_20_frame_26.jpg,4.6312
Aphid_40_otherinsects_20_frame_3.jpg,4.6873
Aphid_40_otherinsects_20_frame_4.jpg,4.6739
Aphid_40_otherinsects_20_frame_5.jpg,5.0342
Aphid_40_otherinsects_20_frame_6.jpg,4.9098
Aphid_40_otherinsects_20_frame_7.jpg,4.6442
Aphid_40_otherinsects_20_frame_8.jpg,4.7721
Aphid_40_otherinsects_20_frame_9.jpg,5.1660
Aphid_40_otherinsects_30_frame_1.jpg,5.0078
Aphid_40_otherinsects_30_frame_10.jpg,5.3225
Aphid_40_otherinsects_30_frame_11.jpg,5.0829
Aphid_40_otherinsects_30_frame_12.jpg,5.0964
Aphid_40_otherinsects_30_frame_13.jpg,4.9926
Aphid_40_otherinsects_30_frame_14.jpg,4.9508
Aphid_40_otherinsects_30_frame_15.jpg,4.9521
Aphid_40_otherinsects_30_frame_16.jpg,4.7918
Aphid_40_otherinsects_30_frame_17.jpg,4.7362
Aphid_40_otherinsects_30_frame_18.jpg,4.5345
Aphid_40_otherinsects_30_frame_19.jpg,4.7034
Aphid_40_otherinsects_30_frame_2.jpg,4.8137
Aphid_40_otherinsects_30_frame_20.jpg,4.6376
Aphid_40_otherinsects_30_frame_21.jpg,4.5942
Aphid_40_otherinsects_30_frame_22.jpg,4.6560
Aphid_40_otherinsects_30_frame_23.jpg,4.6302
Aphid_40_otherinsects_30_frame_24.jpg,4.4418
Aphid_40_otherinsects_30_frame_25.jpg,4.6772
Aphid_40_otherinsects_30_frame_26.jpg,4.8071
Aphid_40_otherinsects_30_frame_3.jpg,5.0913
Aphid_40_otherinsects_30_frame_4.jpg,4.7404
Aphid_40_otherinsects_30_frame_5.jpg,4.6460
Aphid_40_otherinsects_30_frame_6.jpg,4.9859
Aphid_40_otherinsects_30_frame_7.jpg,4.8034
Aphid_40_otherinsects_30_frame_8.jpg,5.1325
Aphid_40_otherinsects_30_frame_9.jpg,5.0048
Aphid_40_otherinsects_40_frame_1.jpg,4.6764
Aphid_40_otherinsects_40_frame_10.jpg,5.0578
Aphid_40_otherinsects_40_frame_11.jpg,4.7923
Aphid_40_otherinsects_40_frame_12.jpg,4.8639
Aphid_40_otherinsects_40_frame_13.jpg,4.9322
Aphid_40_otherinsects_40_frame_14.jpg,4.7183
Aphid_40_otherinsects_40_frame_15.jpg,4.8401
Aphid_40_otherinsects_40_frame_16.jpg,4.7202
Aphid_40_otherinsects_40_frame_17.jpg,4.6066
Aphid_40_otherinsects_40_frame_18.jpg,4.7102
Aphid_40_otherinsects_40_frame_19.jpg,4.6025
Aphid_40_otherinsects_40_frame_2.jpg,4.6420
Aphid_40_otherinsects_40_frame_20.jpg,4.5368
Aphid_40_otherinsects_40_frame_21.jpg,4.6272
Aphid_40_otherinsects_40_frame_22.jpg,4.5868
Aphid_40_otherinsects_40_frame_23.jpg,4.4585
Aphid_40_otherinsects_40_frame_24.jpg,4.5838
Aphid_40_otherinsects_40_frame_25.jpg,4.4429
Aphid_40_otherinsects_40_frame_26.jpg,4.5893
Aphid_40_otherinsects_40_frame_3.jpg,4.4829
Aphid_40_otherinsects_40_frame_4.jpg,4.6137
Aphid_40_otherinsects_40_frame_5.jpg,4.4721
Aphid_40_otherinsects_40_frame_6.jpg,4.8255
Aphid_40_otherinsects_40_frame_7.jpg,5.0790
Aphid_40_otherinsects_40_frame_8.jpg,4.7728
Aphid_40_otherinsects_40_frame_9.jpg,4.8811
Aphid_40_soil_00_highspeed_frame_1.jpg,3.4986
Aphid_40_soil_00_highspeed_frame_10.jpg,4.7862
Aphid_40_soil_00_highspeed_frame_11.jpg,5.0115
Aphid_40_soil_00_highspeed_frame_12.jpg,4.5565
Aphid_40_soil_00_highspeed_frame_13.jpg,4.6553
Aphid_40_soil_00_highspeed_frame_14.jpg,4.5206
Aphid_40_soil_00_highspeed_frame_15.jpg,4.4714
Aphid_40_soil_00_highspeed_frame_16.jpg,4.2863
Aphid_40_soil_00_highspeed_frame_17.jpg,4.3439
Aphid_40_soil_00_highspeed_frame_18.jpg,4.2871
Aphid_40_soil_00_highspeed_frame_19.jpg,4.4105
Aphid_40_soil_00_highspeed_frame_2.jpg,3.2709
Aphid_40_soil_00_highspeed_frame_20.jpg,4.3624
Aphid_40_soil_00_highspeed_frame_21.jpg,4.3147
Aphid_40_soil_00_highspeed_frame_22.jpg,4.3301
Aphid_40_soil_00_highspeed_frame_23.jpg,4.1434
Aphid_40_soil_00_highspeed_frame_24.jpg,4.3448
Aphid_40_soil_00_highspeed_frame_25.jpg,4.3121
Aphid_40_soil_00_highspeed_frame_26.jpg,4.2087
Aphid_40_soil_00_highspeed_frame_3.jpg,3.0738
Aphid_40_soil_00_highspeed_frame_4.jpg,3.3048
Aphid_40_soil_00_highspeed_frame_5.jpg,3.5609
Aphid_40_soil_00_highspeed_frame_6.jpg,3.8426
Aphid_40_soil_00_highspeed_frame_7.jpg,3.9277
Aphid_40_soil_00_highspeed_frame_8.jpg,4.3307
Aphid_40_soil_00_highspeed_frame_9.jpg,5.3157
Aphid_40_soil_00_highspeed_halfsubmerged_frame_1.jpg,3.4601
Aphid_40_soil_00_highspeed_halfsubmerged_frame_10.jpg,5.3100
Aphid_40_soil_00_highspeed_halfsubmerged_frame_11.jpg,5.1248
Aphid_40_soil_00_highspeed_halfsubmerged_frame_12.jpg,5.5968
Aphid_40_soil_00_highspeed_halfsubmerged_frame_13.jpg,4.9695
Aphid_40_soil_00_highspeed_halfsubmerged_frame_14.jpg,5.1018
Aphid_40_soil_00_highspeed_halfsubmerged_frame_15.jpg,5.0149
Aphid_40_soil_00_highspeed_halfsubmerged_frame_16.jpg,5.3076
Aphid_40_soil_00_highspeed_halfsubmerged_frame_17.jpg,5.5333
Aphid_40_soil_00_highspeed_halfsubmerged_frame_18.jpg,5.3093
Aphid_40_soil_00_highspeed_halfsubmerged_frame_19.jpg,5.2647
Aphid_40_soil_00_highspeed_halfsubmerged_frame_2.jpg,3.3850
Aphid_40_soil_00_highspeed_halfsubmerged_frame_20.jpg,5.2234
Aphid_40_soil_00_highspeed_halfsubmerged_frame_21.jpg,5.2072
Aphid_40_soil_00_highspeed_halfsubmerged_frame_22.jpg,4.8744
Aphid_40_soil_00_highspeed_halfsubmerged_frame_23.jpg,4.9024
Aphid_40_soil_00_highspeed_halfsubmerged_frame_24.jpg,5.2672
Aphid_40_soil_00_highspeed_halfsubmerged_frame_25.jpg,5.1176
Aphid_40_soil_00_highspeed_halfsubmerged_frame_26.jpg,5.0669
Aphid_40_soil_00_highspeed_halfsubmerged_frame_3.jpg,4.3255
Aphid_40_soil_00_highspeed_halfsubmerged_frame_4.jpg,3.8960
Aphid_40_soil_00_highspeed_halfsubmerged_frame_5.jpg,4.1879
Aphid_40_soil_00_highspeed_halfsubmerged_frame_6.jpg,4.4670
Aphid_40_soil_00_highspeed_halfsubmerged_frame_7.jpg,4.6474
Aphid_40_soil_00_highspeed_halfsubmerged_frame_8.jpg,5.0079
Aphid_40_soil_00_highspeed_halfsubmerged_frame_9.jpg,5.0123
Aphid_40_soil_00_lowspeed_frame_1.jpg,3.6296
Aphid_40_soil_00_lowspeed_frame_10.jpg,3.0362
Aphid_40_soil_00_lowspeed_frame_11.jpg,2.9123
Aphid_40_soil_00_lowspeed_frame_12.jpg,2.9175
Aphid_40_soil_00_lowspeed_frame_13.jpg,3.0715
Aphid_40_soil_00_lowspeed_frame_14.jpg,3.0813
Aphid_40_soil_00_lowspeed_frame_15.jpg,3.1099
Aphid_40_soil_00_lowspeed_frame_16.jpg,3.1673
Aphid_40_soil_00_lowspeed_frame_17.jpg,3.1913
Aphid_40_soil_00_lowspeed_frame_18.jpg,3.1335
Aphid_40_soil_00_lowspeed_frame_19.jpg,2.9666
Aphid_40_soil_00_lowspeed_frame_2.jpg,3.2755
Aphid_40_soil_00_lowspeed_frame_20.jpg,3.0471
Aphid_40_soil_00_lowspeed_frame_21.jpg,3.2164
Aphid_40_soil_00_lowspeed_frame_22.jpg,3.1929
Aphid_40_soil_00_lowspeed_frame_23.jpg,3.0383
Aphid_40_soil_00_lowspeed_frame_24.jpg,2.9837
Aphid_40_soil_00_lowspeed_frame_25.jpg,3.0660
Aphid_40_soil_00_lowspeed_frame_26.jpg,2.9837
Aphid_40_soil_00_lowspeed_frame_3.jpg,3.0159
Aphid_40_soil_00_lowspeed_frame_4.jpg,2.8954
Aphid_40_soil_00_lowspeed_frame_5.jpg,2.9931
Aphid_40_soil_00_lowspeed_frame_6.jpg,2.9368
Aphid_40_soil_00_lowspeed_frame_7.jpg,2.9212
Aphid_40_soil_00_lowspeed_frame_8.jpg,3.0545
Aphid_40_soil_00_lowspeed_frame_9.jpg,2.9730
Aphid_40_soil_00_lowspeed_halfsubmerged_frame_1.jpg,3.9809
Aphid_40_soil_00_lowspeed_halfsubmerged_frame_10.jpg,3.4274
Aphid_40_soil_00_lowspeed_halfsubmerged_frame_11.jpg,3.4144
Aphid_40_soil_00_lowspeed_halfsubmerged_frame_12.jpg,3.2696
Aphid_40_soil_00_lowspeed_halfsubmerged_frame_13.jpg,3.1657
Aphid_40_soil_00_lowspeed_halfsubmerged_frame_14.jpg,3.1390
Aphid_40_soil_00_lowspeed_halfsubmerged_frame_15.jpg,3.1637
Aphid_40_soil_00_lowspeed_halfsubmerged_frame_16.jpg,3.1866
Aphid_40_soil_00_lowspeed_halfsubmerged_frame_17.jpg,3.0989
Aphid_40_soil_00_lowspeed_halfsubmerged_frame_18.jpg,3.1077
Aphid_40_soil_00_lowspeed_halfsubmerged_frame_19.jpg,3.1362
Aphid_40_soil_00_lowspeed_halfsubmerged_frame_2.jpg,3.8420
Aphid_40_soil_00_lowspeed_halfsubmerged_frame_20.jpg,3.1652
Aphid_40_soil_00_lowspeed_halfsubmerged_frame_21.jpg,3.0795
Aphid_40_soil_00_lowspeed_halfsubmerged_frame_22.jpg,3.1145
Aphid_40_soil_00_lowspeed_halfsubmerged_frame_23.jpg,3.1427
Aphid_40_soil_00_lowspeed_halfsubmerged_frame_24.jpg,3.1430
Aphid_40_soil_00_lowspeed_halfsubmerged_frame_25.jpg,3.0810
Aphid_40_soil_00_lowspeed_halfsubmerged_frame_26.jpg,3.0406
Aphid_40_soil_00_lowspeed_halfsubmerged_frame_3.jpg,3.8632
Aphid_40_soil_00_lowspeed_halfsubmerged_frame_4.jpg,3.9145
Aphid_40_soil_00_lowspeed_halfsubmerged_frame_5.jpg,3.6274
Aphid_40_soil_00_lowspeed_halfsubmerged_frame_6.jpg,3.7703
Aphid_40_soil_00_lowspeed_halfsubmerged_frame_7.jpg,3.5052
Aphid_40_soil_00_lowspeed_halfsubmerged_frame_8.jpg,3.5616
Aphid_40_soil_00_lowspeed_halfsubmerged_frame_9.jpg,3.6490
Aphid_40_soil_00_medspeed_frame_1.jpg,3.2535
Aphid_40_soil_00_medspeed_frame_10.jpg,3.1869
Aphid_40_soil_00_medspeed_frame_11.jpg,3.0452
Aphid_40_soil_00_medspeed_frame_12.jpg,3.1108
Aphid_40_soil_00_medspeed_frame_13.jpg,3.0622
Aphid_40_soil_00_medspeed_frame_14.jpg,3.0719
Aphid_40_soil_00_medspeed_frame_15.jpg,3.0578
Aphid_40_soil_00_medspeed_frame_16.jpg,3.1175
Aphid_40_soil_00_medspeed_frame_17.jpg,3.1265
Aphid_40_soil_00_medspeed_frame_18.jpg,3.0906
Aphid_40_soil_00_medspeed_frame_19.jpg,3.1758
Aphid_40_soil_00_medspeed_frame_2.jpg,3.0309
Aphid_40_soil_00_medspeed_frame_20.jpg,3.1162
Aphid_40_soil_00_medspeed_frame_21.jpg,3.0194
Aphid_40_soil_00_medspeed_frame_22.jpg,3.1000
Aphid_40_soil_00_medspeed_frame_23.jpg,3.0655
Aphid_40_soil_00_medspeed_frame_24.jpg,3.1602
Aphid_40_soil_00_medspeed_frame_25.jpg,3.1651
Aphid_40_soil_00_medspeed_frame_26.jpg,3.0255
Aphid_40_soil_00_medspeed_frame_3.jpg,3.2429
Aphid_40_soil_00_medspeed_frame_4.jpg,3.0723
Aphid_40_soil_00_medspeed_frame_5.jpg,2.7795
Aphid_40_soil_00_medspeed_frame_6.jpg,2.9163
Aphid_40_soil_00_medspeed_frame_7.jpg,3.6054
Aphid_40_soil_00_medspeed_frame_8.jpg,3.1321
Aphid_40_soil_00_medspeed_frame_9.jpg,3.2961
Aphid_40_soil_00_medspeed_halfsubmerged_frame_1.jpg,3.3748
Aphid_40_soil_00_medspeed_halfsubmerged_frame_10.jpg,3.3484
Aphid_40_soil_00_medspeed_halfsubmerged_frame_11.jpg,3.1911
Aphid_40_soil_00_medspeed_halfsubmerged_frame_12.jpg,3.2364
Aphid_40_soil_00_medspeed_halfsubmerged_frame_13.jpg,3.1728
Aphid_40_soil_00_medspeed_halfsubmerged_frame_14.jpg,3.1733
Aphid_40_soil_00_medspeed_halfsubmerged_frame_15.jpg,3.1784
Aphid_40_soil_00_medspeed_halfsubmerged_frame_16.jpg,3.1424
Aphid_40_soil_00_medspeed_halfsubmerged_frame_17.jpg,3.0738
Aphid_40_soil_00_medspeed_halfsubmerged_frame_18.jpg,3.0932
Aphid_40_soil_00_medspeed_halfsubmerged_frame_19.jpg,3.0287
Aphid_40_soil_00_medspeed_halfsubmerged_frame_2.jpg,3.0574
Aphid_40_soil_00_medspeed_halfsubmerged_frame_20.jpg,3.0870
Aphid_40_soil_00_medspeed_halfsubmerged_frame_21.jpg,3.0947
Aphid_40_soil_00_medspeed_halfsubmerged_frame_22.jpg,3.0668
Aphid_40_soil_00_medspeed_halfsubmerged_frame_23.jpg,3.1031
Aphid_40_soil_00_medspeed_halfsubmerged_frame_24.jpg,3.0752
Aphid_40_soil_00_medspeed_halfsubmerged_frame_25.jpg,3.0948
Aphid_40_soil_00_medspeed_halfsubmerged_frame_26.jpg,3.1073
Aphid_40_soil_00_medspeed_halfsubmerged_frame_3.jpg,3.4196
Aphid_40_soil_00_medspeed_halfsubmerged_frame_4.jpg,3.4692
Aphid_40_soil_00_medspeed_halfsubmerged_frame_5.jpg,3.3290
Aphid_40_soil_00_medspeed_halfsubmerged_frame_6.jpg,3.3613
Aphid_40_soil_00_medspeed_halfsubmerged_frame_7.jpg,3.4244
Aphid_40_soil_00_medspeed_halfsubmerged_frame_8.jpg,3.4439
Aphid_40_soil_00_medspeed_halfsubmerged_frame_9.jpg,3.4287
Aphid_40_soil_01_lowspeed_frame_1.jpg,3.3693
Aphid_40_soil_01_lowspeed_frame_10.jpg,3.1304
Aphid_40_soil_01_lowspeed_frame_11.jpg,3.1449
Aphid_40_soil_01_lowspeed_frame_12.jpg,3.2261
Aphid_40_soil_01_lowspeed_frame_13.jpg,3.2285
Aphid_40_soil_01_lowspeed_frame_14.jpg,3.1854
Aphid_40_soil_01_lowspeed_frame_15.jpg,3.3091
Aphid_40_soil_01_lowspeed_frame_16.jpg,3.1902
Aphid_40_soil_01_lowspeed_frame_17.jpg,3.1030
Aphid_40_soil_01_lowspeed_frame_18.jpg,3.1283
Aphid_40_soil_01_lowspeed_frame_19.jpg,3.1622
Aphid_40_soil_01_lowspeed_frame_2.jpg,3.1374
Aphid_40_soil_01_lowspeed_frame_20.jpg,3.2072
Aphid_40_soil_01_lowspeed_frame_21.jpg,3.0742
Aphid_40_soil_01_lowspeed_frame_22.jpg,3.1162
Aphid_40_soil_01_lowspeed_frame_23.jpg,3.0944
Aphid_40_soil_01_lowspeed_frame_24.jpg,3.0293
Aphid_40_soil_01_lowspeed_frame_25.jpg,3.0672
Aphid_40_soil_01_lowspeed_frame_26.jpg,3.1194
Aphid_40_soil_01_lowspeed_frame_3.jpg,3.0387
Aphid_40_soil_01_lowspeed_frame_4.jpg,3.0309
Aphid_40_soil_01_lowspeed_frame_5.jpg,3.2894
Aphid_40_soil_01_lowspeed_frame_6.jpg,3.1428
Aphid_40_soil_01_lowspeed_frame_7.jpg,2.9743
Aphid_40_soil_01_lowspeed_frame_8.jpg,2.9895
Aphid_40_soil_01_lowspeed_frame_9.jpg,3.2505
Aphid_40_soil_01_lowspeed_halfsubmerged_frame_1.jpg,3.7399
Aphid_40_soil_01_lowspeed_halfsubmerged_frame_10.jpg,3.3791
Aphid_40_soil_01_lowspeed_halfsubmerged_frame_11.jpg,3.3517
Aphid_40_soil_01_lowspeed_halfsubmerged_frame_12.jpg,3.4178
Aphid_40_soil_01_lowspeed_halfsubmerged_frame_13.jpg,3.2918
Aphid_40_soil_01_lowspeed_halfsubmerged_frame_14.jpg,3.3034
Aphid_40_soil_01_lowspeed_halfsubmerged_frame_15.jpg,3.2220
Aphid_40_soil_01_lowspeed_halfsubmerged_frame_16.jpg,3.2595
Aphid_40_soil_01_lowspeed_halfsubmerged_frame_17.jpg,3.3293
Aphid_40_soil_01_lowspeed_halfsubmerged_frame_18.jpg,3.2992
Aphid_40_soil_01_lowspeed_halfsubmerged_frame_19.jpg,3.2785
Aphid_40_soil_01_lowspeed_halfsubmerged_frame_2.jpg,3.4492
Aphid_40_soil_01_lowspeed_halfsubmerged_frame_20.jpg,3.3661
Aphid_40_soil_01_lowspeed_halfsubmerged_frame_21.jpg,3.1960
Aphid_40_soil_01_lowspeed_halfsubmerged_frame_22.jpg,3.2378
Aphid_40_soil_01_lowspeed_halfsubmerged_frame_23.jpg,3.1899
Aphid_40_soil_01_lowspeed_halfsubmerged_frame_24.jpg,3.1858
Aphid_40_soil_01_lowspeed_halfsubmerged_frame_25.jpg,3.1391
Aphid_40_soil_01_lowspeed_halfsubmerged_frame_26.jpg,3.4848
Aphid_40_soil_01_lowspeed_halfsubmerged_frame_3.jpg,3.5547
Aphid_40_soil_01_lowspeed_halfsubmerged_frame_4.jpg,3.6824
Aphid_40_soil_01_lowspeed_halfsubmerged_frame_5.jpg,3.4507
Aphid_40_soil_01_lowspeed_halfsubmerged_frame_6.jpg,3.9568
Aphid_40_soil_01_lowspeed_halfsubmerged_frame_7.jpg,3.5735
Aphid_40_soil_01_lowspeed_halfsubmerged_frame_8.jpg,3.5519
Aphid_40_soil_01_lowspeed_halfsubmerged_frame_9.jpg,3.7169
Aphid_40_soil_dd_lowspeed_frame_1.jpg,3.3285
Aphid_40_soil_dd_lowspeed_frame_10.jpg,3.0826
Aphid_40_soil_dd_lowspeed_frame_11.jpg,3.0722
Aphid_40_soil_dd_lowspeed_frame_12.jpg,3.0055
Aphid_40_soil_dd_lowspeed_frame_13.jpg,3.0606
Aphid_40_soil_dd_lowspeed_frame_14.jpg,3.1596
Aphid_40_soil_dd_lowspeed_frame_15.jpg,2.9929
Aphid_40_soil_dd_lowspeed_frame_16.jpg,2.9933
Aphid_40_soil_dd_lowspeed_frame_17.jpg,3.0199
Aphid_40_soil_dd_lowspeed_frame_18.jpg,2.9627
Aphid_40_soil_dd_lowspeed_frame_19.jpg,3.1740
Aphid_40_soil_dd_lowspeed_frame_2.jpg,3.0289
Aphid_40_soil_dd_lowspeed_frame_20.jpg,3.0227
Aphid_40_soil_dd_lowspeed_frame_21.jpg,3.1205
Aphid_40_soil_dd_lowspeed_frame_22.jpg,3.2228
Aphid_40_soil_dd_lowspeed_frame_23.jpg,2.9401
Aphid_40_soil_dd_lowspeed_frame_24.jpg,3.2046
Aphid_40_soil_dd_lowspeed_frame_25.jpg,3.2271
Aphid_40_soil_dd_lowspeed_frame_26.jpg,3.0297
Aphid_40_soil_dd_lowspeed_frame_3.jpg,3.1447
Aphid_40_soil_dd_lowspeed_frame_4.jpg,3.0757
Aphid_40_soil_dd_lowspeed_frame_5.jpg,3.0795
Aphid_40_soil_dd_lowspeed_frame_6.jpg,3.1202
Aphid_40_soil_dd_lowspeed_frame_7.jpg,2.9799
Aphid_40_soil_dd_lowspeed_frame_8.jpg,3.0092
Aphid_40_soil_dd_lowspeed_frame_9.jpg,2.9786
Aphid_40_soil_dd_lowspeed_halfsubmerged_frame_1.jpg,3.3955
Aphid_40_soil_dd_lowspeed_halfsubmerged_frame_10.jpg,3.4503
Aphid_40_soil_dd_lowspeed_halfsubmerged_frame_11.jpg,3.6559
Aphid_40_soil_dd_lowspeed_halfsubmerged_frame_12.jpg,3.7283
Aphid_40_soil_dd_lowspeed_halfsubmerged_frame_13.jpg,3.4686
Aphid_40_soil_dd_lowspeed_halfsubmerged_frame_14.jpg,3.4133
Aphid_40_soil_dd_lowspeed_halfsubmerged_frame_15.jpg,3.4281
Aphid_40_soil_dd_lowspeed_halfsubmerged_frame_16.jpg,3.2883
Aphid_40_soil_dd_lowspeed_halfsubmerged_frame_17.jpg,3.1913
Aphid_40_soil_dd_lowspeed_halfsubmerged_frame_18.jpg,3.3624
Aphid_40_soil_dd_lowspeed_halfsubmerged_frame_19.jpg,3.2222
Aphid_40_soil_dd_lowspeed_halfsubmerged_frame_2.jpg,3.0538
Aphid_40_soil_dd_lowspeed_halfsubmerged_frame_20.jpg,3.2572
Aphid_40_soil_dd_lowspeed_halfsubmerged_frame_21.jpg,3.2334
Aphid_40_soil_dd_lowspeed_halfsubmerged_frame_22.jpg,3.3286
Aphid_40_soil_dd_lowspeed_halfsubmerged_frame_23.jpg,3.2113
Aphid_40_soil_dd_lowspeed_halfsubmerged_frame_24.jpg,3.3326
Aphid_40_soil_dd_lowspeed_halfsubmerged_frame_25.jpg,3.1650
Aphid_40_soil_dd_lowspeed_halfsubmerged_frame_26.jpg,3.1651
Aphid_40_soil_dd_lowspeed_halfsubmerged_frame_3.jpg,3.0418
Aphid_40_soil_dd_lowspeed_halfsubmerged_frame_4.jpg,3.4359
Aphid_40_soil_dd_lowspeed_halfsubmerged_frame_5.jpg,3.3236
Aphid_40_soil_dd_lowspeed_halfsubmerged_frame_6.jpg,3.3393
Aphid_40_soil_dd_lowspeed_halfsubmerged_frame_7.jpg,3.4311
Aphid_40_soil_dd_lowspeed_halfsubmerged_frame_8.jpg,3.5208
Aphid_40_soil_dd_lowspeed_halfsubmerged_frame_9.jpg,3.4586
Aphid_40_soil_zz_lowspeed_frame_1.jpg,3.3317
Aphid_40_soil_zz_lowspeed_frame_10.jpg,3.0992
Aphid_40_soil_zz_lowspeed_frame_11.jpg,3.2618
Aphid_40_soil_zz_lowspeed_frame_12.jpg,3.2599
Aphid_40_soil_zz_lowspeed_frame_13.jpg,3.3157
Aphid_40_soil_zz_lowspeed_frame_14.jpg,3.2401
Aphid_40_soil_zz_lowspeed_frame_15.jpg,3.2414
Aphid_40_soil_zz_lowspeed_frame_16.jpg,3.2899
Aphid_40_soil_zz_lowspeed_frame_17.jpg,3.2249
Aphid_40_soil_zz_lowspeed_frame_18.jpg,3.1879
Aphid_40_soil_zz_lowspeed_frame_19.jpg,3.1825
Aphid_40_soil_zz_lowspeed_frame_2.jpg,3.0931
Aphid_40_soil_zz_lowspeed_frame_20.jpg,3.2203
Aphid_40_soil_zz_lowspeed_frame_21.jpg,3.1927
Aphid_40_soil_zz_lowspeed_frame_22.jpg,3.2507
Aphid_40_soil_zz_lowspeed_frame_23.jpg,3.2454
Aphid_40_soil_zz_lowspeed_frame_24.jpg,3.1890
Aphid_40_soil_zz_lowspeed_frame_25.jpg,3.1587
Aphid_40_soil_zz_lowspeed_frame_26.jpg,3.2159
Aphid_40_soil_zz_lowspeed_frame_3.jpg,3.0614
Aphid_40_soil_zz_lowspeed_frame_4.jpg,3.0536
Aphid_40_soil_zz_lowspeed_frame_5.jpg,2.9986
Aphid_40_soil_zz_lowspeed_frame_6.jpg,3.2341
Aphid_40_soil_zz_lowspeed_frame_7.jpg,2.9875
Aphid_40_soil_zz_lowspeed_frame_8.jpg,3.0579
Aphid_40_soil_zz_lowspeed_frame_9.jpg,3.0064
Aphid_40_soil_zz_lowspeed_halfsubmerged_frame_1.jpg,3.4939
Aphid_40_soil_zz_lowspeed_halfsubmerged_frame_10.jpg,3.4009
Aphid_40_soil_zz_lowspeed_halfsubmerged_frame_11.jpg,3.2133
Aphid_40_soil_zz_lowspeed_halfsubmerged_frame_12.jpg,3.2033
Aphid_40_soil_zz_lowspeed_halfsubmerged_frame_13.jpg,3.1923
Aphid_40_soil_zz_lowspeed_halfsubmerged_frame_14.jpg,3.1119
Aphid_40_soil_zz_lowspeed_halfsubmerged_frame_15.jpg,3.1112
Aphid_40_soil_zz_lowspeed_halfsubmerged_frame_16.jpg,3.1496
Aphid_40_soil_zz_lowspeed_halfsubmerged_frame_17.jpg,3.1528
Aphid_40_soil_zz_lowspeed_halfsubmerged_frame_18.jpg,3.1371
Aphid_40_soil_zz_lowspeed_halfsubmerged_frame_19.jpg,3.0630
Aphid_40_soil_zz_lowspeed_halfsubmerged_frame_2.jpg,3.3997
Aphid_40_soil_zz_lowspeed_halfsubmerged_frame_20.jpg,3.0802
Aphid_40_soil_zz_lowspeed_halfsubmerged_frame_21.jpg,3.0650
Aphid_40_soil_zz_lowspeed_halfsubmerged_frame_22.jpg,3.1046
Aphid_40_soil_zz_lowspeed_halfsubmerged_frame_23.jpg,3.0656
Aphid_40_soil_zz_lowspeed_halfsubmerged_frame_24.jpg,3.0708
Aphid_40_soil_zz_lowspeed_halfsubmerged_frame_25.jpg,3.0019
Aphid_40_soil_zz_lowspeed_halfsubmerged_frame_26.jpg,3.0743
Aphid_40_soil_zz_lowspeed_halfsubmerged_frame_3.jpg,3.5609
Aphid_40_soil_zz_lowspeed_halfsubmerged_frame_4.jpg,3.5919
Aphid_40_soil_zz_lowspeed_halfsubmerged_frame_5.jpg,4.1146
Aphid_40_soil_zz_lowspeed_halfsubmerged_frame_6.jpg,3.5492
Aphid_40_soil_zz_lowspeed_halfsubmerged_frame_7.jpg,3.4311
Aphid_40_soil_zz_lowspeed_halfsubmerged_frame_8.jpg,3.5244
Aphid_40_soil_zz_lowspeed_halfsubmerged_frame_9.jpg,3.6160
Aphid_40_zz_lowspeed_frame_1.jpg,5.4512
Aphid_40_zz_lowspeed_frame_10.jpg,5.5945
Aphid_40_zz_lowspeed_frame_11.jpg,5.2353
Aphid_40_zz_lowspeed_frame_12.jpg,5.3512
Aphid_40_zz_lowspeed_frame_13.jpg,5.1421
Aphid_40_zz_lowspeed_frame_14.jpg,5.3463
Aphid_40_zz_lowspeed_frame_15.jpg,5.0028
Aphid_40_zz_lowspeed_frame_16.jpg,4.8457
Aphid_40_zz_lowspeed_frame_17.jpg,4.8783
Aphid_40_zz_lowspeed_frame_18.jpg,4.7092
Aphid_40_zz_lowspeed_frame_19.jpg,5.1210
Aphid_40_zz_lowspeed_frame_2.jpg,4.9759
Aphid_40_zz_lowspeed_frame_20.jpg,4.9154
Aphid_40_zz_lowspeed_frame_21.jpg,4.8107
Aphid_40_zz_lowspeed_frame_22.jpg,4.8900
Aphid_40_zz_lowspeed_frame_23.jpg,4.8698
Aphid_40_zz_lowspeed_frame_24.jpg,5.5526
Aphid_40_zz_lowspeed_frame_25.jpg,4.7856
Aphid_40_zz_lowspeed_frame_26.jpg,4.8028
Aphid_40_zz_lowspeed_frame_3.jpg,5.0760
Aphid_40_zz_lowspeed_frame_4.jpg,5.1193
Aphid_40_zz_lowspeed_frame_5.jpg,5.1182
Aphid_40_zz_lowspeed_frame_6.jpg,5.2389
Aphid_40_zz_lowspeed_frame_7.jpg,5.2444
Aphid_40_zz_lowspeed_frame_8.jpg,5.2063
Aphid_40_zz_lowspeed_frame_9.jpg,5.4469
Aphid_40_zz_lowspeed_halfsubmerged_frame_1.jpg,5.9303
Aphid_40_zz_lowspeed_halfsubmerged_frame_10.jpg,5.4282
Aphid_40_zz_lowspeed_halfsubmerged_frame_11.jpg,5.2881
Aphid_40_zz_lowspeed_halfsubmerged_frame_12.jpg,5.7296
Aphid_40_zz_lowspeed_halfsubmerged_frame_13.jpg,5.3628
Aphid_40_zz_lowspeed_halfsubmerged_frame_14.jpg,5.3328
Aphid_40_zz_lowspeed_halfsubmerged_frame_15.jpg,5.0702
Aphid_40_zz_lowspeed_halfsubmerged_frame_16.jpg,5.3375
Aphid_40_zz_lowspeed_halfsubmerged_frame_17.jpg,5.2919
Aphid_40_zz_lowspeed_halfsubmerged_frame_18.jpg,5.2111
Aphid_40_zz_lowspeed_halfsubmerged_frame_19.jpg,5.2665
Aphid_40_zz_lowspeed_halfsubmerged_frame_2.jpg,5.1004
Aphid_40_zz_lowspeed_halfsubmerged_frame_20.jpg,5.3642
Aphid_40_zz_lowspeed_halfsubmerged_frame_21.jpg,5.2444
Aphid_40_zz_lowspeed_halfsubmerged_frame_22.jpg,5.0736
Aphid_40_zz_lowspeed_halfsubmerged_frame_23.jpg,5.3298
Aphid_40_zz_lowspeed_halfsubmerged_frame_24.jpg,5.2863
Aphid_40_zz_lowspeed_halfsubmerged_frame_25.jpg,5.3620
Aphid_40_zz_lowspeed_halfsubmerged_frame_26.jpg,5.1234
Aphid_40_zz_lowspeed_halfsubmerged_frame_3.jpg,5.2022
Aphid_40_zz_lowspeed_halfsubmerged_frame_4.jpg,5.4034
Aphid_40_zz_lowspeed_halfsubmerged_frame_5.jpg,4.9137
Aphid_40_zz_lowspeed_halfsubmerged_frame_6.jpg,5.1224
Aphid_40_zz_lowspeed_halfsubmerged_frame_7.jpg,4.9767
Aphid_40_zz_lowspeed_halfsubmerged_frame_8.jpg,5.2566
Aphid_40_zz_lowspeed_halfsubmerged_frame_9.jpg,4.7872
Aphid_50_frame_1.jpg,6.2214
Aphid_50_frame_10.jpg,5.5428
Aphid_50_frame_11.jpg,5.5572
Aphid_50_frame_12.jpg,5.5430
Aphid_50_frame_13.jpg,5.3944
Aphid_50_frame_14.jpg,5.7430
Aphid_50_frame_15.jpg,5.5625
Aphid_50_frame_16.jpg,5.2708
Aphid_50_frame_17.jpg,5.3753
Aphid_50_frame_18.jpg,5.2928
Aphid_50_frame_19.jpg,5.7117
Aphid_50_frame_2.jpg,5.2412
Aphid_50_frame_20.jpg,5.3328
Aphid_50_frame_21.jpg,5.3986
Aphid_50_frame_22.jpg,5.4271
Aphid_50_frame_23.jpg,5.2094
Aphid_50_frame_24.jpg,5.2675
Aphid_50_frame_25.jpg,5.4287
Aphid_50_frame_26.jpg,5.2960
Aphid_50_frame_3.jpg,5.7291
Aphid_50_frame_4.jpg,5.7572
Aphid_50_frame_5.jpg,5.6071
Aphid_50_frame_6.jpg,5.4618
Aphid_50_frame_7.jpg,5.4685
Aphid_50_frame_8.jpg,5.9697
Aphid_50_frame_9.jpg,5.9354
Aphid_60_frame_1.jpg,5.4272
Aphid_60_frame_10.jpg,5.2139
Aphid_60_frame_11.jpg,5.2051
Aphid_60_frame_12.jpg,5.1674
Aphid_60_frame_13.jpg,5.1086
Aphid_60_frame_14.jpg,5.2164
Aphid_60_frame_15.jpg,5.1135
Aphid_60_frame_16.jpg,4.8932
Aphid_60_frame_17.jpg,5.1492
Aphid_60_frame_18.jpg,4.9580
Aphid_60_frame_19.jpg,4.8553
Aphid_60_frame_2.jpg,4.9162
Aphid_60_frame_20.jpg,4.7921
Aphid_60_frame_21.jpg,4.7933
Aphid_60_frame_22.jpg,4.8582
Aphid_60_frame_23.jpg,4.9366
Aphid_60_frame_24.jpg,4.7656
Aphid_60_frame_25.jpg,4.8221
Aphid_60_frame_26.jpg,4.8606
Aphid_60_frame_3.jpg,4.6101
Aphid_60_frame_4.jpg,4.5523
Aphid_60_frame_5.jpg,5.0412
Aphid_60_frame_6.jpg,4.6916
Aphid_60_frame_7.jpg,5.2329
Aphid_60_frame_8.jpg,4.7445
Aphid_60_frame_9.jpg,5.0608
Aphid_70_frame_1.jpg,5.3196
Aphid_70_frame_10.jpg,5.2593
Aphid_70_frame_11.jpg,5.0897
Aphid_70_frame_12.jpg,5.0250
Aphid_70_frame_13.jpg,5.1438
Aphid_70_frame_14.jpg,5.1782
Aphid_70_frame_15.jpg,5.1347
Aphid_70_frame_16.jpg,5.0711
Aphid_70_frame_17.jpg,4.9891
Aphid_70_frame_18.jpg,5.0983
Aphid_70_frame_19.jpg,4.9629
Aphid_70_frame_2.jpg,4.6137
Aphid_70_frame_20.jpg,4.9655
Aphid_70_frame_21.jpg,5.0147
Aphid_70_frame_22.jpg,4.8466
Aphid_70_frame_23.jpg,4.8636
Aphid_70_frame_24.jpg,4.9475
Aphid_70_frame_25.jpg,5.0002
Aphid_70_frame_26.jpg,4.9456
Aphid_70_frame_3.jpg,4.6941
Aphid_70_frame_4.jpg,4.9375
Aphid_70_frame_5.jpg,5.1115
Aphid_70_frame_6.jpg,4.8118
Aphid_70_frame_7.jpg,5.4239
Aphid_70_frame_8.jpg,5.0051
Aphid_70_frame_9.jpg,5.3384
Aphid_80_frame_1.jpg,5.0201
Aphid_80_frame_10.jpg,5.0152
Aphid_80_frame_11.jpg,5.0443
Aphid_80_frame_12.jpg,5.0411
Aphid_80_frame_13.jpg,5.0939
Aphid_80_frame_14.jpg,4.9724
Aphid_80_frame_15.jpg,4.9781
Aphid_80_frame_16.jpg,4.7361
Aphid_80_frame_17.jpg,4.9571
Aphid_80_frame_18.jpg,4.8018
Aphid_80_frame_19.jpg,4.7347
Aphid_80_frame_2.jpg,4.6071
Aphid_80_frame_20.jpg,4.7698
Aphid_80_frame_21.jpg,4.6198
Aphid_80_frame_22.jpg,4.6681
Aphid_80_frame_23.jpg,4.7727
Aphid_80_frame_24.jpg,4.8457
Aphid_80_frame_25.jpg,4.7914
Aphid_80_frame_26.jpg,4.6518
Aphid_80_frame_3.jpg,4.6482
Aphid_80_frame_4.jpg,5.2602
Aphid_80_frame_5.jpg,4.9050
Aphid_80_frame_6.jpg,4.8273
Aphid_80_frame_7.jpg,5.1405
Aphid_80_frame_8.jpg,4.9816
Aphid_80_frame_9.jpg,5.0908
